method,AUC,n_frames,faithfulness,faith_std
simswap,0.9478,60,0.00831942937026421,0.020281964041708133
blendface,0.9429,60,0.006314773845767215,0.018629426619484704
ddim,0.7661,60,0.06461258615914081,0.15194226660934412
StyleGAN2,0.6491,60,0.17806760869066457,0.24674562124592128
lia,0.6068,60,0.17954952744631517,0.23994842225540008
DiT,0.5214,60,0.15127666707968915,0.23156303630028563
pixart,0.4329,60,0.37391141049591764,0.3017879510153198
sadtalker,0.427,60,0.29835908258125343,0.2949441399670008
